rhoc,Tc,R,M,L,Tsurf
68293.3515548706,8235440.0,449144915.0423042,1.2802534010627253e+30,2.762174103975656e+25,3723.2421969458464
