rhoc,Tc,R,M,L,Tsurf
72650.93441,8230000,157157158,6.51E+29,1.80E+25,13246.76857
