rhoc,Tc,R,M,L,Tsurf
58560,8235440.0,1000000000.0,3.205761536970472e+30,4.5385516535517755e+25,2825.0822072793285
58560,8235440.0,294029403.6462646,1.046065193012658e+30,1.3386169909507247e+30,68276.37751267753
58560,8235440.0,1000000000.0,3.205761536970472e+30,4.5385516535517755e+25,2825.0822072793285
68293.3515548706,8235440.0,449144915.0423042,1.2802534010627253e+30,2.762174103975656e+25,3723.2421969458464
68293.3515548706,8235440.0,1000000000.0,2.7223078624747064e+29,4.642558518077511e+22,505.2323096268134
68293.3515548706,8235440.0,449144915.0423042,1.2802534010627253e+30,2.762174103975656e+25,3723.2421969458464
