rhoc,Tc,R,M,L,Tsurf
77.76902004173613,20000000.0,72228397283.97284,3.688615582817724e+33,7.47851752743929e+34,2865.127451033247
