rhoc,Tc,R,M,L,Tsurf
58.56183645393724,8235440,64543045430.4543,1.330889410344913e+33,2.2376613517805667e+32,2946.619988381531
