rhoc,Tc,R,M,L,Tsurf
68.29335155487061,8235440.0,44914491504.23042,1.2802534010627254e+33,2.762174103975656e+32,3723.2421969458464
