rhoc,Tc,R,M,L,Tsurf
77.76902004173613,20000000.0,72228397283.97284,3.688615582817724e+33,7.47851752743929e+34,2865.127451033247
70.84716804079306,8235440,59500620006.200066,1.2355504551341494e+33,2.530707713803046e+32,3164.97130057056
88.32335886650891,20000000.0,71254687546.87546,3.40104799902085e+33,7.973756596850723e+34,2288.7889136100325
88.32335886650891,20000000.0,71254687546.87546,3.40104799902085e+33,7.973756596850723e+34,2288.7889136100325
88.32335886650891,20000000.0,71254687546.87546,3.40104799902085e+33,7.973756596850723e+34,2288.7889136100325
88.32335886650891,20000000.0,71254687546.87546,3.40104799902085e+33,7.973756596850723e+34,2288.7889136100325
