rhoc,Tc,R,M,L,Tsurf
68.29335155487061,8235440.0,44914491504.23042,1.2802534010628621e+33,2.762174103975661e+32,3723.242196945848
68.29335155487061,8235440.0,45004500545.544556,1.2802534012640157e+33,2.762174103975661e+32,3719.517089598351
68.29335155487061,8235440.0,44914491504.23042,1.2802534010628621e+33,2.762174103975661e+32,3723.242196945848
68.29335155487061,8235440.0,44914491504.23042,1.2802534010628043e+33,2.7621741039756596e+32,3723.2421969458474
